month,families,partner_students,revenue,gross,gm,cac,team,operating,cumulative
1,63,0,64140,39635,61.8,37800,280000,-278165,-278165
2,57,0,58770,36268,61.7,0,280000,-243732,-521896
3,52,0,53858,33194,61.6,0,280000,-246806,-768702
4,133,60,132894,90376,68.0,68800,350000,-328424,-1097126
5,222,60,192583,136241,70.7,81600,350000,-295359,-1392485
6,319,60,256512,185849,72.5,94400,350000,-258551,-1651036
7,422,120,348305,254289,73.0,107200,350000,-202911,-1853946
8,530,120,419622,310424,74.0,120000,350000,-159576,-2013522
9,645,180,518153,384821,74.3,132800,350000,-97979,-2111501
10,763,180,595616,446392,74.9,145600,350000,-49208,-2160709
11,887,240,699756,525753,75.1,158400,350000,17353,-2143356
12,1014,300,806338,607278,75.3,171200,350000,86078,-2057278
13,1151,360,921673,696149,75.5,188800,480000,27349,-2029929
14,1292,420,1040328,787881,75.7,203200,480000,104681,-1925247
15,1438,480,1162021,882234,75.9,217600,480000,184634,-1740613
16,1588,540,1286495,978985,76.1,232000,480000,266985,-1473628
17,1742,600,1413516,1077934,76.3,246400,480000,351534,-1122094
18,1899,660,1542869,1178895,76.4,260800,480000,438095,-683999
19,2059,720,1674358,1281699,76.5,275200,480000,526499,-157501
20,2221,780,1806772,1385720,76.7,289600,480000,616120,458620
21,2385,840,1939699,1490705,76.9,304000,480000,706705,1165324
22,2551,900,2074454,1597193,77.0,318400,480000,798793,1964117
23,2720,960,2210886,1705059,77.1,332800,480000,892259,2856376
24,2890,1080,2372854,1829610,77.1,347200,480000,1002410,3858786
25,3077,1200,2546328,1963623,77.1,372800,600000,990823,4849609
26,3263,1320,2720239,2097997,77.1,387200,600000,1110797,5960406
27,3450,1440,2894555,2232703,77.1,401600,600000,1231103,7191509
28,3638,1560,3069245,2367718,77.1,416000,600000,1351718,8543227
29,3825,1680,3244281,2503018,77.2,430400,600000,1472618,10015845
30,4013,1800,3419638,2638581,77.2,444800,600000,1593781,11609626
31,4202,1920,3595290,2774388,77.2,459200,600000,1715188,13324813
32,4390,2040,3771216,2910420,77.2,473600,600000,1836820,15161633
33,4579,2160,3947395,3046660,77.2,488000,600000,1958660,17120293
34,4768,2280,4123807,3183092,77.2,502400,600000,2080692,19200985
35,4957,2400,4300434,3319701,77.2,516800,600000,2202901,21403886
36,5146,2520,4477261,3456475,77.2,531200,600000,2325275,23729161
