month,families,L0,L1,L2,L3,centers,revenue,var_cost,human_cost,squad_fixed,gross,gross_margin,cac,team,operating,cumulative
1,60,15,15,15,15,0,59685,4491,34185,12900,8109,13.6,48000,280000,-319891,-319891
2,54,13,14,14,14,0,54524,4079,31424,11868,7152,13.1,0,280000,-272848,-592738
3,49,12,12,13,13,0,49818,3707,28887,10919,6305,12.7,0,280000,-273695,-866433
4,128,50,26,32,20,0,109696,9029,56225,22085,22356,20.4,99600,420000,-497244,-1363677
5,219,94,43,53,28,0,179541,15232,87975,34938,41397,23.1,124800,420000,-503403,-1867080
6,322,143,64,77,38,0,258443,22228,123776,49343,63096,24.4,150000,420000,-506904,-2373984
7,435,196,88,103,49,1,360576,30389,163300,65176,101711,28.2,175200,420000,-493489,-2867473
8,558,252,114,131,61,1,455190,38745,206243,82322,127879,28.1,200400,420000,-492521,-3359993
9,689,312,142,160,74,1,556606,47684,252328,100676,155918,28.0,225600,420000,-489682,-3849675
10,827,375,173,191,88,1,664211,57149,301299,120142,185621,27.9,250800,420000,-485179,-4334854
11,973,440,206,224,103,1,777444,67088,352921,140631,216805,27.9,276000,420000,-479195,-4814049
12,1124,507,240,258,119,1,895799,77456,406979,162060,249304,27.8,301200,420000,-471896,-5285945
13,1279,596,266,287,129,3,1029957,88455,449257,179195,313049,30.4,324000,650000,-660951,-5946896
14,1445,690,295,319,141,3,1142758,99287,495634,197970,349867,30.6,356400,650000,-656533,-6603429
15,1620,787,325,354,154,4,1278424,111231,545776,218252,403165,31.5,388800,650000,-635635,-7239063
16,1803,887,358,391,167,4,1406253,123321,599380,239922,443630,31.5,421200,650000,-627570,-7866633
17,1994,991,392,429,182,5,1555605,136402,656164,262868,500170,32.2,453600,650000,-603430,-8470064
18,2192,1097,428,470,197,5,1695897,149521,715872,286989,543515,32.0,486000,650000,-592485,-9062548
19,2396,1205,465,512,214,6,1856603,163531,778267,312190,602616,32.5,518400,650000,-565784,-9628332
20,2606,1316,503,556,231,6,2007243,177491,843131,338384,648237,32.3,550800,650000,-552563,-10180895
21,2821,1428,543,602,248,7,2177381,192262,910264,365494,709361,32.6,583200,650000,-523839,-10704734
22,3040,1541,584,649,266,7,2336619,206910,979484,393444,756781,32.4,615600,650000,-508819,-11213553
23,3264,1656,625,697,285,8,2514597,222304,1050621,422169,819503,32.6,648000,650000,-478497,-11692050
24,3491,1773,668,746,304,8,2680987,237517,1123521,451605,868344,32.4,680400,650000,-462056,-12154106
25,3672,1880,701,776,315,10,2827245,250071,1167510,469227,940437,33.3,654000,900000,-613563,-12767669
26,3863,1989,737,810,327,12,2983046,263339,1216438,488879,1014390,34.0,688800,900000,-574410,-13342079
27,4063,2101,775,847,340,14,3147564,277258,1269903,510398,1090004,34.6,723600,900000,-533596,-13875675
28,4270,2214,816,888,353,16,3320046,291767,1327539,533636,1167103,35.2,758400,900000,-491297,-14366972
29,4485,2328,858,931,368,18,3499805,306813,1389009,558456,1245528,35.6,793200,900000,-447672,-14814644
30,4706,2444,902,976,384,20,3686216,322347,1454002,584729,1325137,35.9,828000,900000,-402863,-15217507
31,4933,2560,948,1024,400,22,3878705,338325,1522234,612341,1405805,36.2,862800,900000,-356995,-15574502
32,5165,2678,995,1074,417,24,4076753,354708,1593443,641184,1487419,36.5,897600,900000,-310181,-15884683
33,5401,2797,1044,1126,435,26,4279882,371458,1667387,671159,1569878,36.7,932400,900000,-262522,-16147204
34,5643,2916,1093,1180,453,28,4487658,388543,1743847,702176,1653093,36.8,967200,900000,-214107,-16361312
35,5888,3036,1144,1236,472,30,4699685,405932,1822619,734152,1736982,37.0,1002000,900000,-165018,-16526330
36,6136,3157,1196,1293,491,30,4885599,422699,1903515,767010,1792374,36.7,1036800,900000,-144426,-16670756
